<?xml version="1.0" encoding="UTF-8"?>
<metadata xml:lang="en"><Esri><CreaDate>20221118</CreaDate><CreaTime>11091700</CreaTime><ArcGISFormat>1.0</ArcGISFormat><SyncOnce>FALSE</SyncOnce><DataProperties><lineage><Process ToolSource="c:\program files (x86)\arcgis\desktop10.8\ArcToolbox\Toolboxes\Data Management Tools.tbx\AddGeometryAttributes" Date="20220115" Time="170212">AddGeometryAttributes DP_WR LENGTH_GEODESIC;LINE_START_MID_END;CENTROID;CENTROID_INSIDE;PART_COUNT;POINT_COUNT;LINE_BEARING METERS # PROJCS['Mars2000_ECylindrical_clon0',GEOGCS['GCS_Mars_2000_Sphere',DATUM['D_Mars_2000_Sphere',SPHEROID['Mars_2000_Sphere',3396190.0,0.0]],PRIMEM['Reference_Meridian',0.0],UNIT['Degree',0.0174532925199433]],PROJECTION['Plate_Carree'],PARAMETER['false_easting',0.0],PARAMETER['false_northing',0.0],PARAMETER['central_meridian',0.0],UNIT['Meter',1.0]]</Process><Process ToolSource="c:\program files (x86)\arcgis\desktop10.8\ArcToolbox\Toolboxes\Data Management Tools.tbx\Merge" Date="20221118" Time="160437">Merge DP;LP;TPSP;AP G:\OKARAGOZ\1_GIS\1_THARSIS\22_END\2km\ALL.shp "fid_1 "fid_1" true true false 19 Double 0 19 ,First,#,DP,fid_1,-1,-1,LP,fid_1,-1,-1,TPSP,fid_1,-1,-1,AP,fid_1,-1,-1;cat "cat" true true false 10 Long 0 10 ,First,#,DP,cat,-1,-1,LP,cat,-1,-1,TPSP,cat,-1,-1,AP,cat,-1,-1;TYPE "TYPE" true true false 50 Text 0 0 ,First,#,DP,TYPE,-1,-1,LP,TYPE,-1,-1,TPSP,TYPE,-1,-1,AP,TYPE,-1,-1;WR_ID "WR_ID" true true false 19 Double 15 18 ,First,#,DP,WR_ID,-1,-1,LP,WR_ID,-1,-1,TPSP,WR_ID,-1,-1,AP,WR_ID,-1,-1;WR_ID_DP "WR_ID_DP" true true false 19 Double 15 18 ,First,#,DP,WR_ID_DP,-1,-1;LENGTH_GEO "LENGTH_GEO" true true false 19 Double 0 0 ,First,#,DP,LENGTH_GEO,-1,-1,LP,LENGTH_GEO,-1,-1,TPSP,LENGTH_GEO,-1,-1,AP,LENGTH_GEO,-1,-1;START_X "START_X" true true false 19 Double 0 0 ,First,#,DP,START_X,-1,-1,LP,START_X,-1,-1,TPSP,START_X,-1,-1,AP,START_X,-1,-1;START_Y "START_Y" true true false 19 Double 0 0 ,First,#,DP,START_Y,-1,-1,LP,START_Y,-1,-1,TPSP,START_Y,-1,-1,AP,START_Y,-1,-1;MID_X "MID_X" true true false 19 Double 0 0 ,First,#,DP,MID_X,-1,-1,LP,MID_X,-1,-1,TPSP,MID_X,-1,-1,AP,MID_X,-1,-1;MID_Y "MID_Y" true true false 19 Double 0 0 ,First,#,DP,MID_Y,-1,-1,LP,MID_Y,-1,-1,TPSP,MID_Y,-1,-1,AP,MID_Y,-1,-1;END_X "END_X" true true false 19 Double 0 0 ,First,#,DP,END_X,-1,-1,LP,END_X,-1,-1,TPSP,END_X,-1,-1,AP,END_X,-1,-1;END_Y "END_Y" true true false 19 Double 0 0 ,First,#,DP,END_Y,-1,-1,LP,END_Y,-1,-1,TPSP,END_Y,-1,-1,AP,END_Y,-1,-1;CENTROID_X "CENTROID_X" true true false 19 Double 0 0 ,First,#,DP,CENTROID_X,-1,-1,LP,CENTROID_X,-1,-1,TPSP,CENTROID_X,-1,-1,AP,CENTROID_X,-1,-1;CENTROID_Y "CENTROID_Y" true true false 19 Double 0 0 ,First,#,DP,CENTROID_Y,-1,-1,LP,CENTROID_Y,-1,-1,TPSP,CENTROID_Y,-1,-1,AP,CENTROID_Y,-1,-1;INSIDE_X "INSIDE_X" true true false 19 Double 0 0 ,First,#,DP,INSIDE_X,-1,-1,LP,INSIDE_X,-1,-1,TPSP,INSIDE_X,-1,-1,AP,INSIDE_X,-1,-1;INSIDE_Y "INSIDE_Y" true true false 19 Double 0 0 ,First,#,DP,INSIDE_Y,-1,-1,LP,INSIDE_Y,-1,-1,TPSP,INSIDE_Y,-1,-1,AP,INSIDE_Y,-1,-1;PART_COUNT "PART_COUNT" true true false 19 Double 0 0 ,First,#,DP,PART_COUNT,-1,-1,LP,PART_COUNT,-1,-1,TPSP,PART_COUNT,-1,-1,AP,PART_COUNT,-1,-1;PNT_COUNT "PNT_COUNT" true true false 19 Double 0 0 ,First,#,DP,PNT_COUNT,-1,-1,LP,PNT_COUNT,-1,-1,TPSP,PNT_COUNT,-1,-1,AP,PNT_COUNT,-1,-1;BEARING "BEARING" true true false 19 Double 0 0 ,First,#,DP,BEARING,-1,-1,LP,BEARING,-1,-1,TPSP,BEARING,-1,-1,AP,BEARING,-1,-1;START_X_D "START_X_D" true true false 19 Double 0 0 ,First,#,DP,START_X_D,-1,-1,TPSP,START_X_D,-1,-1,AP,START_X_D,-1,-1;START_Y_D "START_Y_D" true true false 19 Double 0 0 ,First,#,DP,START_Y_D,-1,-1,TPSP,START_Y_D,-1,-1,AP,START_Y_D,-1,-1;END_X_D "END_X_D" true true false 19 Double 0 0 ,First,#,DP,END_X_D,-1,-1,TPSP,END_X_D,-1,-1,AP,END_X_D,-1,-1;END_Y_D "END_Y_D" true true false 19 Double 0 0 ,First,#,DP,END_Y_D,-1,-1,TPSP,END_Y_D,-1,-1,AP,END_Y_D,-1,-1;WR_ID_LP "WR_ID_LP" true true false 19 Double 15 18 ,First,#,LP,WR_ID_LP,-1,-1;START_XD "START_XD" true true false 19 Double 0 0 ,First,#,LP,START_XD,-1,-1;START_YD "START_YD" true true false 19 Double 0 0 ,First,#,LP,START_YD,-1,-1;END_XD "END_XD" true true false 19 Double 0 0 ,First,#,LP,END_XD,-1,-1;END_YD "END_YD" true true false 19 Double 0 0 ,First,#,LP,END_YD,-1,-1;WR_ID_TPSP "WR_ID_TPSP" true true false 19 Double 15 18 ,First,#,TPSP,WR_ID_TPSP,-1,-1;WR_ID_AP "WR_ID_AP" true true false 19 Double 15 18 ,First,#,AP,WR_ID_AP,-1,-1"</Process></lineage><itemProps><itemName Sync="TRUE">ALL</itemName><imsContentType Sync="TRUE">002</imsContentType><itemSize Sync="TRUE">0.000</itemSize><itemLocation><linkage Sync="TRUE">file://\\OFFICE-OKARAGOZ\G$\OKARAGOZ\1_GIS\1_THARSIS\22_END\2km\ALL.shp</linkage><protocol Sync="TRUE">Local Area Network</protocol></itemLocation></itemProps><coordRef><type Sync="TRUE">Projected</type><geogcsn Sync="TRUE">GCS_Mars</geogcsn><csUnits Sync="TRUE">Linear Unit: Meter (1.000000)</csUnits><projcsn Sync="TRUE">SimpleCylindrical_Mars</projcsn><peXml Sync="TRUE">&lt;ProjectedCoordinateSystem xsi:type='typens:ProjectedCoordinateSystem' xmlns:xsi='http://www.w3.org/2001/XMLSchema-instance' xmlns:xs='http://www.w3.org/2001/XMLSchema' xmlns:typens='http://www.esri.com/schemas/ArcGIS/10.8'&gt;&lt;WKT&gt;PROJCS[&amp;quot;SimpleCylindrical_Mars&amp;quot;,GEOGCS[&amp;quot;GCS_Mars&amp;quot;,DATUM[&amp;quot;D_Mars&amp;quot;,SPHEROID[&amp;quot;Mars&amp;quot;,3396190.0,0.0]],PRIMEM[&amp;quot;Reference_Meridian&amp;quot;,0.0],UNIT[&amp;quot;Degree&amp;quot;,0.0174532925199433]],PROJECTION[&amp;quot;Plate_Carree&amp;quot;],PARAMETER[&amp;quot;false_easting&amp;quot;,0.0],PARAMETER[&amp;quot;false_northing&amp;quot;,0.0],PARAMETER[&amp;quot;central_meridian&amp;quot;,0.0],UNIT[&amp;quot;Meter&amp;quot;,1.0]]&lt;/WKT&gt;&lt;XOrigin&gt;-10669600&lt;/XOrigin&gt;&lt;YOrigin&gt;-5334900&lt;/YOrigin&gt;&lt;XYScale&gt;422096388.55913013&lt;/XYScale&gt;&lt;ZOrigin&gt;-100000&lt;/ZOrigin&gt;&lt;ZScale&gt;10000&lt;/ZScale&gt;&lt;MOrigin&gt;-100000&lt;/MOrigin&gt;&lt;MScale&gt;10000&lt;/MScale&gt;&lt;XYTolerance&gt;0.001&lt;/XYTolerance&gt;&lt;ZTolerance&gt;0.001&lt;/ZTolerance&gt;&lt;MTolerance&gt;0.001&lt;/MTolerance&gt;&lt;HighPrecision&gt;true&lt;/HighPrecision&gt;&lt;/ProjectedCoordinateSystem&gt;</peXml></coordRef></DataProperties><SyncDate>20221118</SyncDate><SyncTime>16041600</SyncTime><ModDate>20221118</ModDate><ModTime>16041600</ModTime></Esri><dataIdInfo><envirDesc Sync="TRUE"> Version 6.2 (Build 9200) ; Esri ArcGIS 10.8.1.14362</envirDesc><dataLang><languageCode value="eng" Sync="TRUE"></languageCode><countryCode value="USA" Sync="TRUE"></countryCode></dataLang><idCitation><resTitle Sync="TRUE">ALL</resTitle><presForm><PresFormCd value="005" Sync="TRUE"></PresFormCd></presForm></idCitation><spatRpType><SpatRepTypCd value="001" Sync="TRUE"></SpatRepTypCd></spatRpType></dataIdInfo><mdLang><languageCode value="eng" Sync="TRUE"></languageCode><countryCode value="USA" Sync="TRUE"></countryCode></mdLang><mdChar><CharSetCd value="004" Sync="TRUE"></CharSetCd></mdChar><distInfo><distFormat><formatName Sync="TRUE">Shapefile</formatName></distFormat><distTranOps><transSize Sync="TRUE">0.000</transSize></distTranOps></distInfo><mdHrLv><ScopeCd value="005" Sync="TRUE"></ScopeCd></mdHrLv><mdHrLvName Sync="TRUE">dataset</mdHrLvName><refSysInfo><RefSystem><refSysID><identCode code="0" Sync="TRUE"></identCode></refSysID></RefSystem></refSysInfo><spatRepInfo><VectSpatRep><geometObjs Name="ALL"><geoObjTyp><GeoObjTypCd value="002" Sync="TRUE"></GeoObjTypCd></geoObjTyp><geoObjCnt Sync="TRUE">0</geoObjCnt></geometObjs><topLvl><TopoLevCd value="001" Sync="TRUE"></TopoLevCd></topLvl></VectSpatRep></spatRepInfo><spdoinfo><ptvctinf><esriterm Name="ALL"><efeatyp Sync="TRUE">Simple</efeatyp><efeageom code="3" Sync="TRUE"></efeageom><esritopo Sync="TRUE">FALSE</esritopo><efeacnt Sync="TRUE">0</efeacnt><spindex Sync="TRUE">FALSE</spindex><linrefer Sync="TRUE">FALSE</linrefer></esriterm></ptvctinf></spdoinfo><eainfo><detailed Name="ALL"><enttyp><enttypl Sync="TRUE">ALL</enttypl><enttypt Sync="TRUE">Feature Class</enttypt><enttypc Sync="TRUE">0</enttypc></enttyp><attr><attrlabl Sync="TRUE">FID</attrlabl><attalias Sync="TRUE">FID</attalias><attrtype Sync="TRUE">OID</attrtype><attwidth Sync="TRUE">4</attwidth><atprecis Sync="TRUE">0</atprecis><attscale Sync="TRUE">0</attscale><attrdef Sync="TRUE">Internal feature number.</attrdef><attrdefs Sync="TRUE">Esri</attrdefs><attrdomv><udom Sync="TRUE">Sequential unique whole numbers that are automatically generated.</udom></attrdomv></attr><attr><attrlabl Sync="TRUE">Shape</attrlabl><attalias Sync="TRUE">Shape</attalias><attrtype Sync="TRUE">Geometry</attrtype><attwidth Sync="TRUE">0</attwidth><atprecis Sync="TRUE">0</atprecis><attscale Sync="TRUE">0</attscale><attrdef Sync="TRUE">Feature geometry.</attrdef><attrdefs Sync="TRUE">Esri</attrdefs><attrdomv><udom Sync="TRUE">Coordinates defining the features.</udom></attrdomv></attr><attr><attrlabl Sync="TRUE">fid_1</attrlabl><attalias Sync="TRUE">fid_1</attalias><attrtype Sync="TRUE">Double</attrtype><attwidth Sync="TRUE">19</attwidth><atprecis Sync="TRUE">19</atprecis><attscale Sync="TRUE">0</attscale></attr><attr><attrlabl Sync="TRUE">cat</attrlabl><attalias Sync="TRUE">cat</attalias><attrtype Sync="TRUE">Integer</attrtype><attwidth Sync="TRUE">10</attwidth><atprecis Sync="TRUE">10</atprecis><attscale Sync="TRUE">0</attscale></attr><attr><attrlabl Sync="TRUE">TYPE</attrlabl><attalias Sync="TRUE">TYPE</attalias><attrtype Sync="TRUE">String</attrtype><attwidth Sync="TRUE">50</attwidth><atprecis Sync="TRUE">0</atprecis><attscale Sync="TRUE">0</attscale></attr><attr><attrlabl Sync="TRUE">WR_ID</attrlabl><attalias Sync="TRUE">WR_ID</attalias><attrtype Sync="TRUE">Double</attrtype><attwidth Sync="TRUE">19</attwidth><atprecis Sync="TRUE">18</atprecis><attscale Sync="TRUE">15</attscale></attr><attr><attrlabl Sync="TRUE">WR_ID_DP</attrlabl><attalias Sync="TRUE">WR_ID_DP</attalias><attrtype Sync="TRUE">Double</attrtype><attwidth Sync="TRUE">19</attwidth><atprecis Sync="TRUE">18</atprecis><attscale Sync="TRUE">15</attscale></attr><attr><attrlabl Sync="TRUE">LENGTH_GEO</attrlabl><attalias Sync="TRUE">LENGTH_GEO</attalias><attrtype Sync="TRUE">Double</attrtype><attwidth Sync="TRUE">19</attwidth><atprecis Sync="TRUE">0</atprecis><attscale Sync="TRUE">0</attscale></attr><attr><attrlabl Sync="TRUE">START_X</attrlabl><attalias Sync="TRUE">START_X</attalias><attrtype Sync="TRUE">Double</attrtype><attwidth Sync="TRUE">19</attwidth><atprecis Sync="TRUE">0</atprecis><attscale Sync="TRUE">0</attscale></attr><attr><attrlabl Sync="TRUE">START_Y</attrlabl><attalias Sync="TRUE">START_Y</attalias><attrtype Sync="TRUE">Double</attrtype><attwidth Sync="TRUE">19</attwidth><atprecis Sync="TRUE">0</atprecis><attscale Sync="TRUE">0</attscale></attr><attr><attrlabl Sync="TRUE">MID_X</attrlabl><attalias Sync="TRUE">MID_X</attalias><attrtype Sync="TRUE">Double</attrtype><attwidth Sync="TRUE">19</attwidth><atprecis Sync="TRUE">0</atprecis><attscale Sync="TRUE">0</attscale></attr><attr><attrlabl Sync="TRUE">MID_Y</attrlabl><attalias Sync="TRUE">MID_Y</attalias><attrtype Sync="TRUE">Double</attrtype><attwidth Sync="TRUE">19</attwidth><atprecis Sync="TRUE">0</atprecis><attscale Sync="TRUE">0</attscale></attr><attr><attrlabl Sync="TRUE">END_X</attrlabl><attalias Sync="TRUE">END_X</attalias><attrtype Sync="TRUE">Double</attrtype><attwidth Sync="TRUE">19</attwidth><atprecis Sync="TRUE">0</atprecis><attscale Sync="TRUE">0</attscale></attr><attr><attrlabl Sync="TRUE">END_Y</attrlabl><attalias Sync="TRUE">END_Y</attalias><attrtype Sync="TRUE">Double</attrtype><attwidth Sync="TRUE">19</attwidth><atprecis Sync="TRUE">0</atprecis><attscale Sync="TRUE">0</attscale></attr><attr><attrlabl Sync="TRUE">CENTROID_X</attrlabl><attalias Sync="TRUE">CENTROID_X</attalias><attrtype Sync="TRUE">Double</attrtype><attwidth Sync="TRUE">19</attwidth><atprecis Sync="TRUE">0</atprecis><attscale Sync="TRUE">0</attscale></attr><attr><attrlabl Sync="TRUE">CENTROID_Y</attrlabl><attalias Sync="TRUE">CENTROID_Y</attalias><attrtype Sync="TRUE">Double</attrtype><attwidth Sync="TRUE">19</attwidth><atprecis Sync="TRUE">0</atprecis><attscale Sync="TRUE">0</attscale></attr><attr><attrlabl Sync="TRUE">INSIDE_X</attrlabl><attalias Sync="TRUE">INSIDE_X</attalias><attrtype Sync="TRUE">Double</attrtype><attwidth Sync="TRUE">19</attwidth><atprecis Sync="TRUE">0</atprecis><attscale Sync="TRUE">0</attscale></attr><attr><attrlabl Sync="TRUE">INSIDE_Y</attrlabl><attalias Sync="TRUE">INSIDE_Y</attalias><attrtype Sync="TRUE">Double</attrtype><attwidth Sync="TRUE">19</attwidth><atprecis Sync="TRUE">0</atprecis><attscale Sync="TRUE">0</attscale></attr><attr><attrlabl Sync="TRUE">PART_COUNT</attrlabl><attalias Sync="TRUE">PART_COUNT</attalias><attrtype Sync="TRUE">Double</attrtype><attwidth Sync="TRUE">19</attwidth><atprecis Sync="TRUE">0</atprecis><attscale Sync="TRUE">0</attscale></attr><attr><attrlabl Sync="TRUE">PNT_COUNT</attrlabl><attalias Sync="TRUE">PNT_COUNT</attalias><attrtype Sync="TRUE">Double</attrtype><attwidth Sync="TRUE">19</attwidth><atprecis Sync="TRUE">0</atprecis><attscale Sync="TRUE">0</attscale></attr><attr><attrlabl Sync="TRUE">BEARING</attrlabl><attalias Sync="TRUE">BEARING</attalias><attrtype Sync="TRUE">Double</attrtype><attwidth Sync="TRUE">19</attwidth><atprecis Sync="TRUE">0</atprecis><attscale Sync="TRUE">0</attscale></attr><attr><attrlabl Sync="TRUE">START_X_D</attrlabl><attalias Sync="TRUE">START_X_D</attalias><attrtype Sync="TRUE">Double</attrtype><attwidth Sync="TRUE">19</attwidth><atprecis Sync="TRUE">0</atprecis><attscale Sync="TRUE">0</attscale></attr><attr><attrlabl Sync="TRUE">START_Y_D</attrlabl><attalias Sync="TRUE">START_Y_D</attalias><attrtype Sync="TRUE">Double</attrtype><attwidth Sync="TRUE">19</attwidth><atprecis Sync="TRUE">0</atprecis><attscale Sync="TRUE">0</attscale></attr><attr><attrlabl Sync="TRUE">END_X_D</attrlabl><attalias Sync="TRUE">END_X_D</attalias><attrtype Sync="TRUE">Double</attrtype><attwidth Sync="TRUE">19</attwidth><atprecis Sync="TRUE">0</atprecis><attscale Sync="TRUE">0</attscale></attr><attr><attrlabl Sync="TRUE">END_Y_D</attrlabl><attalias Sync="TRUE">END_Y_D</attalias><attrtype Sync="TRUE">Double</attrtype><attwidth Sync="TRUE">19</attwidth><atprecis Sync="TRUE">0</atprecis><attscale Sync="TRUE">0</attscale></attr><attr><attrlabl Sync="TRUE">WR_ID_LP</attrlabl><attalias Sync="TRUE">WR_ID_LP</attalias><attrtype Sync="TRUE">Double</attrtype><attwidth Sync="TRUE">19</attwidth><atprecis Sync="TRUE">18</atprecis><attscale Sync="TRUE">15</attscale></attr><attr><attrlabl Sync="TRUE">START_XD</attrlabl><attalias Sync="TRUE">START_XD</attalias><attrtype Sync="TRUE">Double</attrtype><attwidth Sync="TRUE">19</attwidth><atprecis Sync="TRUE">0</atprecis><attscale Sync="TRUE">0</attscale></attr><attr><attrlabl Sync="TRUE">START_YD</attrlabl><attalias Sync="TRUE">START_YD</attalias><attrtype Sync="TRUE">Double</attrtype><attwidth Sync="TRUE">19</attwidth><atprecis Sync="TRUE">0</atprecis><attscale Sync="TRUE">0</attscale></attr><attr><attrlabl Sync="TRUE">END_XD</attrlabl><attalias Sync="TRUE">END_XD</attalias><attrtype Sync="TRUE">Double</attrtype><attwidth Sync="TRUE">19</attwidth><atprecis Sync="TRUE">0</atprecis><attscale Sync="TRUE">0</attscale></attr><attr><attrlabl Sync="TRUE">END_YD</attrlabl><attalias Sync="TRUE">END_YD</attalias><attrtype Sync="TRUE">Double</attrtype><attwidth Sync="TRUE">19</attwidth><atprecis Sync="TRUE">0</atprecis><attscale Sync="TRUE">0</attscale></attr><attr><attrlabl Sync="TRUE">WR_ID_TPSP</attrlabl><attalias Sync="TRUE">WR_ID_TPSP</attalias><attrtype Sync="TRUE">Double</attrtype><attwidth Sync="TRUE">19</attwidth><atprecis Sync="TRUE">18</atprecis><attscale Sync="TRUE">15</attscale></attr><attr><attrlabl Sync="TRUE">WR_ID_AP</attrlabl><attalias Sync="TRUE">WR_ID_AP</attalias><attrtype Sync="TRUE">Double</attrtype><attwidth Sync="TRUE">19</attwidth><atprecis Sync="TRUE">18</atprecis><attscale Sync="TRUE">15</attscale></attr></detailed></eainfo><mdDateSt Sync="TRUE">20221118</mdDateSt></metadata>
